epoch,stage,learning_rate,train_loss,train_accuracy,val_loss,val_accuracy,val_macro_f1
1,head,0.0005,1.8687137144195523,0.40285400658616904,1.5951217541591727,0.4784172661870504,0.1675038222321836
2,head,0.0005,1.4388524889291707,0.5609220636663008,1.3945582556209977,0.5935251798561151,0.3987139973120261
3,full,5e-05,1.1119620370812526,0.6487376509330406,1.0267719334835628,0.6870503597122302,0.5552136611636102
4,full,5e-05,0.7632234538164149,0.7464324917672887,0.7464640174838278,0.7553956834532374,0.6464788966280884
5,full,5e-05,0.5469050671410483,0.8221734357848518,0.7470829744133161,0.7553956834532374,0.7018372730345525
6,full,5e-05,0.4292919384530295,0.8748627881448957,0.7705725967455254,0.7553956834532374,0.6778143605709125
7,full,5e-05,0.31336751860759654,0.9001097694840834,0.6971457793558244,0.7913669064748201,0.7433562072018244
8,full,5e-05,0.2958223447285421,0.8990120746432492,0.7388162021156696,0.7841726618705036,0.7130489665224492
9,full,5e-05,0.25549939569212604,0.9143798024149287,0.7670267284345283,0.8093525179856115,0.7581832800822214
10,full,5e-05,0.24192896177818432,0.9253567508232712,0.761630638040227,0.7985611510791367,0.7459490837396537
11,full,5e-05,0.1511792999239379,0.9571899012074643,1.0421652498005105,0.7733812949640287,0.7359945871586643
12,full,5e-05,0.16100390348685692,0.9506037321624589,0.7579299713210236,0.8093525179856115,0.7818510714854547
13,full,5e-05,0.10703028282344865,0.9659714599341384,0.869254844222995,0.7661870503597122,0.7276802184993391
14,full,5e-05,0.11599290068337999,0.9615806805708014,0.8102203959183727,0.7769784172661871,0.7469451185514707
15,full,5e-05,0.13513996677614265,0.9571899012074643,0.9106054790586019,0.7589928057553957,0.697044916665421
